{"_default": {"1": {"time": 1.3105555555555555, "distance": 1165.51, "p2": [37, -121.94883], "p1": [37.7, -122.431397]}, "2": {"time": 1.3105555555555555, "distance": 1165.51, "p2": [37, -121.94883], "p1": [37.7, -122.431397]}, "3": {"time": 1.3105555555555555, "distance": 1165.51, "p2": [37, -121.94883], "p1": [37.7, -122.431397]}, "4": {"time": 1.3105555555555555, "distance": 1165.51, "p2": [37, -121.94883], "p1": [37.7, -122.431397]}, "5": {"time": 1.3105555555555555, "distance": 1165.51, "p2": [37, -121.94883], "p1": [37.7, -122.431397]}, "6": {"time": 1.3105555555555555, "distance": 1165.51, "p2": [37, -121.94883], "p1": [37.7, -122.431397]}}}